"startup_name","max_valuation"
CruxWare,2405.16
XenoMind,2366.35
LumeAI,2082.06
LumeRobotics,2024.01
RapidLabs,1959.9
JetX,1916.99
RuneStack,1768.01
YieldFinance,1730.42
ProtoPay,1626.88
EchoDynamics,1622.18
QuantumForge,1582.98
BoltBio,1560.34
VertexCore,1386.27
ZenoLink,1373.93
Vibely,1370.19
Runeio,1365.53
CruxDynamics,1325.68
BoltTech,1318.44
RapidMind,1316.94
ZenoRobotics,1276.84
Terrafy,1260.34
RapidLogic,1233.15
EchoStack,1218.09
CyberForge,1201.55
ZenoSpace,1200.21
EchoWare,1153.25
ZenBio,1146.82
EdgeDynamics,1140.13
XenoFinance,1140.03
DawnMind,1128.1
NovaFinance,1098.21
SageLogic,1089.83
HubPlatform,1070.07
IonTech,1053.91
MetaWare,1032.87
SwiftFinance,1028.14
RuneLabs,1013.75
VeloWorks,985.42
Sageverse,924.77
DataHealth,918.78
Quantumio,916.58
EchoLink,914.02
Velofy,896.27
QuantumSense,886.79
LumeAnalytics,877.66
SwiftHealth,865.65
Veloverse,844.0
NovaMind,829.44
RuneTech,821.63
EchoPlatform,812.02
Cloudio,806.55
SwiftHealth,792.73
JetX,785.48
UltraCloud,784.62
RapidCloud,776.55
Yieldverse,757.49
ProtoPay,754.77
AlphaRobotics,748.15
IonMind,738.59
NexusBeam,730.73
QuarkAI,722.88
RapidDynamics,721.53
ZenCore,719.22
TerraAnalytics,704.62
VertexTech,703.12
OrionAnalytics,701.94
UltraHealth,695.11
NexusBio,672.86
NexusBio,660.91
VertexBio,656.36
WaveX,655.65
HubStack,651.42
PulseStack,648.8
SwiftForge,646.13
NeoCloud,645.02
VertexSense,636.98
KitePay,633.45
PixelPlatform,630.51
QuantumCloud,630.28
PulsePay,615.22
BoltNet,613.73
OrionLink,605.76
DeltaNet,592.4
DataForge,591.06
CloudSecurity,584.54
VeloEnergy,582.68
VeloPlatform,578.92
QuantumHub,574.91
SwiftMind,574.26
DawnAnalytics,573.91
HyperCore,567.46
ArcWare,566.41
OrionSpace,565.03
BetaSecurity,562.06
KiteWorks,560.93
ApexLink,558.12
HyperEnergy,554.18
SwiftRobotics,551.64
VertexCloud,550.3
EdgeCore,549.08
PixelCore,549.03
XenoSystems,548.37
LumeForge,546.1
ZenMind,545.27
AlphaBeam,543.78
EdgeFinance,543.29
BetaDynamics,541.27
RapidBeam,537.59
FluxX,531.23
ZenoLabs,530.72
CoreStack,530.04
NexusLink,525.7
CruxPlatform,522.85
DataDynamics,519.89
Edgeverse,519.34
SageX,516.58
EchoPlatform,515.95
Neoverse,511.81
BetaBeam,511.59
BoltWorks,504.47
VertexFlow,499.9
IonLink,499.62
QuarkSystems,498.3
IonSecurity,496.6
QuantumDynamics,495.87
Kitely,493.8
JetFinance,493.67
ZenBase,492.37
NexusFlow,490.61
ApexPay,490.6
JetEnergy,490.08
QuarkStack,489.9
OrionEnergy,489.21
RapidEnergy,485.04
XenoBeam,484.2
LumeSense,482.91
IonBeam,475.66
ForgeMind,475.15
VertexFinance,475.07
DeltaBio,471.08
GridPlatform,470.57
Cruxverse,470.17
Onyxverse,467.78
BoltHealth,466.92
VertexBio,460.94
EchoFlow,459.22
CoreBio,455.04
LumeAnalytics,453.84
ZenoSpace,453.15
VertexCloud,452.57
XenoFinance,451.98
VertexCore,451.86
CoreForge,451.81
QuarkStack,450.35
BoltBio,445.36
ArcNet,444.75
XenoFlow,442.67
FluxCore,439.29
TerraBio,435.97
AstraHealth,427.83
VibeX,421.48
QuantumFinance,421.34
SwiftAI,415.37
VibeTech,410.22
WavePay,409.59
GridPlatform,408.95
TideAI,408.56
CloudRobotics,407.06
NexusSpace,406.85
CloudSystems,406.52
ApexSense,406.04
FluxBase,405.46
ForgeLogic,405.43
TerraSpace,404.75
ZenoPlatform,401.11
AstraForge,400.82
Ultrafy,400.58
DawnTech,400.32
CruxLabs,393.76
CloudTech,393.14
AstraHealth,390.88
ForgeBeam,390.71
ZenoAnalytics,390.09
CruxAnalytics,387.71
NexusBeam,387.17
KiteSpace,385.89
IonFinance,385.45
Kitely,385.3
WaveSystems,383.99
HyperHub,380.52
OnyxFinance,380.04
Runeio,379.64
UltraSpace,378.74
WaveRobotics,375.89
DataStack,375.6
RuneLogic,374.27
KiteBeam,373.38
IonLabs,372.15
VeloEnergy,369.92
AstraAI,369.6
ProtoBio,368.04
BoltLink,367.92
PulseFinance,367.52
VeloCloud,366.57
XenoCore,366.34
Apexly,362.5
CyberWorks,361.7
HyperHub,360.77
LumeHealth,359.95
VibeTech,358.79
QuarkLogic,357.32
VertexStack,356.63
CruxSense,355.5
ArcNet,354.12
KiteX,352.37
ApexCloud,351.15
DataPlatform,349.31
EdgeBase,347.44
QuarkHub,345.94
NeoEnergy,345.32
ForgeSystems,345.26
SageLabs,343.19
NexusWorks,341.96
WaveSecurity,341.18
DataBio,337.77
CruxAI,337.17
NeoStack,335.32
MetaSecurity,334.93
PulseSystems,333.27
Coreverse,333.0
QuarkNet,332.92
WaveSpace,332.79
EchoAnalytics,332.05
Zenoly,331.3
ZenLabs,330.81
MetaTech,326.04
OnyxLogic,325.92
OnyxBeam,324.45
ArcFinance,324.42
PixelFinance,324.11
BoltPay,321.87
VibeSense,321.49
CoreBio,318.59
Fluxly,317.8
DeltaSecurity,315.57
VeloBase,313.48
EchoWare,312.43
Dataio,311.53
CruxSecurity,310.98
Apexio,310.03
IonRobotics,308.54
BetaHealth,308.01
BoltFlow,307.62
FluxBase,304.95
ZenoLink,304.72
ZenoSecurity,304.55
VibeHub,303.74
AlphaFinance,300.68
EchoStack,300.46
CoreLink,297.54
Sagefy,297.02
PulseSecurity,296.63
RuneSecurity,294.89
TideEnergy,293.8
ApexWorks,293.57
YieldBio,291.23
ForgeSense,288.44
ForgeRobotics,287.43
OrionLabs,287.29
YieldRobotics,281.96
KiteTech,281.41
AstraNet,281.17
RapidLogic,280.63
SwiftBio,279.95
EchoFlow,279.38
ApexStack,276.83
BoltPay,276.6
Tidely,276.42
Yieldverse,276.28
MetaBio,276.03
ForgeLogic,274.33
HubFinance,270.27
OrionLink,268.86
FluxX,267.05
Rapidly,266.81
ForgeBeam,265.97
AstraFinance,265.64
UltraAnalytics,265.51
PixelFinance,264.89
ForgeLink,264.62
SwiftMind,264.55
AlphaSpace,264.38
HubAI,263.66
LumeBio,262.56
VertexSpace,262.12
DeltaTech,261.57
ForgeX,260.59
Kiteio,259.13
NeoCloud,259.03
AstraMind,258.96
DawnFlow,257.6
NexusSpace,256.85
KiteLabs,256.46
DawnLink,256.35
BoltNet,256.29
AstraCore,256.28
VeloFinance,255.33
SwiftWorks,255.16
GridSense,254.97
CruxPlatform,254.76
YieldPlatform,254.67
AstraPlatform,253.63
QuantumSpace,253.48
EdgeAI,252.58
HubSecurity,252.45
WaveTech,249.17
NexusBase,247.85
VeloBeam,247.74
PulseHealth,246.76
AstraNet,242.57
IonTech,241.96
ArcLink,240.81
NeoBase,240.41
AstraLabs,238.79
QuantumForge,238.43
VertexFinance,238.31
XenoBio,238.02
HubStack,237.82
DeltaWorks,237.62
HyperEnergy,236.76
XenoMind,236.69
Ionio,236.63
KiteStack,234.44
PulsePay,234.28
Astraly,232.84
CruxCore,232.29
ForgeSense,231.95
VeloBase,230.82
UltraCloud,230.81
OnyxEnergy,230.12
Terraly,229.78
QuarkNet,228.67
BoltSecurity,227.75
VeloRobotics,227.7
RuneCore,227.37
VeloFinance,225.48
Corefy,225.31
JetSecurity,225.18
FluxSystems,224.79
SwiftStack,224.43
ApexX,223.95
HubPlatform,223.7
GridLogic,223.25
KiteRobotics,221.99
DeltaBeam,220.43
OnyxSense,220.23
LumeStack,220.12
VertexTech,220.12
FluxWorks,220.09
YieldFinance,218.49
PixelPlatform,218.48
DeltaEnergy,217.39
SageFinance,217.15
LumeTech,216.81
HubCore,216.52
Ionio,216.48
Cloudverse,214.54
CoreHealth,214.25
ForgeLabs,213.89
ZenSystems,213.68
QuarkSense,213.52
CyberLogic,212.86
NexusLink,212.18
DawnWare,212.14
CoreFlow,212.11
JetBio,211.74
YieldFlow,211.52
Cloudly,210.11
SageX,210.07
DeltaDynamics,209.87
SwiftBeam,209.67
ZenBio,208.57
VertexAnalytics,208.48
ProtoLogic,207.82
YieldLink,207.08
Hubverse,206.6
Runely,206.57
SwiftForge,205.84
CoreStack,204.93
BoltSystems,204.8
DataBeam,204.73
ProtoAI,204.35
RuneLogic,203.89
BoltEnergy,203.66
ProtoAI,203.49
XenoBase,202.57
AlphaAI,201.85
CruxFlow,201.54
CoreTech,201.17
EchoDynamics,200.04
HubCore,199.35
Ionverse,197.41
OrionSecurity,196.81
WaveWorks,196.53
NovaSystems,195.75
Echofy,194.77
Betaverse,193.67
ProtoDynamics,193.55
Apexly,191.99
VertexPlatform,191.49
FluxTech,190.95
Kitefy,190.94
NovaHub,190.66
SwiftSystems,189.73
MetaCloud,189.42
Zenfy,189.39
UltraBeam,188.25
CloudStack,188.01
ApexLogic,187.41
IonCore,186.63
SwiftSecurity,185.48
SageRobotics,185.1
CloudTech,184.78
ZenWare,184.03
CoreSystems,183.62
RuneBio,183.11
TideEnergy,182.17
RuneWorks,181.49
YieldBase,181.34
VeloPlatform,180.51
Hyperly,179.26
Neoverse,178.57
CruxSecurity,178.4
EchoMind,178.34
DeltaBase,177.44
KiteFinance,176.46
ZenoForge,175.54
NovaForge,175.01
NeoBase,174.74
RapidEnergy,173.88
ProtoHub,173.65
KiteSpace,173.65
CruxHealth,173.41
VibeX,173.18
HubSecurity,173.01
VeloDynamics,171.89
VeloNet,171.29
XenoHealth,170.11
TerraX,169.01
OrionAI,168.92
ForgeFlow,167.65
PulseLink,167.12
VeloWorks,166.65
TerraSpace,166.54
SwiftBeam,166.43
EdgeNet,165.64
TideStack,165.25
Cyberfy,165.14
HubPay,164.82
AlphaBase,163.96
BoltSystems,163.67
ForgeAI,163.37
SwiftFinance,163.02
QuantumMind,162.9
CyberHealth,162.76
BoltTech,161.91
Ionverse,161.77
JetEnergy,160.88
RuneTech,160.68
Sageverse,160.66
QuantumWare,159.27
LumeSystems,158.94
BetaDynamics,158.83
PixelCloud,158.65
YieldWare,158.49
AstraStack,158.48
BetaStack,157.12
ProtoMind,156.73
CorePay,156.26
DataLogic,156.17
GridRobotics,156.16
AlphaLabs,155.65
ZenoRobotics,155.46
RapidMind,155.26
QuarkFlow,155.08
DataPay,154.86
PixelLabs,154.41
OrionLabs,154.15
YieldEnergy,153.34
KitePay,152.66
ForgeLink,151.78
VeloMind,151.54
Fluxly,150.82
TideMind,149.44
YieldMind,148.7
ZenoNet,148.63
Lumeverse,147.18
YieldPlatform,146.99
UltraAI,146.81
AlphaSecurity,146.79
DeltaX,146.77
DataBeam,146.75
NeoEnergy,146.73
TideLink,146.3
NeoFlow,144.93
ForgeBio,144.75
VeloTech,144.61
BetaSecurity,144.39
KiteHealth,144.17
FluxHealth,144.11
Quarkio,143.47
Coreverse,143.23
ArcLink,143.03
OrionAnalytics,142.85
ZenPay,141.8
EdgeFinance,141.78
VibeNet,141.64
TerraAnalytics,140.6
DeltaCloud,140.27
VibeDynamics,139.81
CruxWare,139.39
TideBio,137.1
Wavely,137.09
IonNet,136.92
BetaWorks,136.07
PulseLabs,135.67
OrionSpace,135.44
RapidLabs,134.94
Kiteverse,134.7
IonSecurity,134.64
AstraStack,134.23
NexusPlatform,133.98
MetaSystems,133.65
LumeWare,133.26
OnyxLabs,133.24
DawnMind,133.08
AlphaHealth,132.83
JetWare,132.12
DawnEnergy,131.64
JetDynamics,131.6
ZenSense,131.54
Xenoio,131.46
QuantumSense,130.59
Edgely,130.08
LumeLink,128.91
UltraLink,128.84
QuantumHub,128.68
ArcX,128.34
OnyxCore,127.41
DawnWorks,127.34
MetaBase,127.12
FluxAnalytics,126.76
DataHealth,126.14
DeltaNet,125.65
ZenoStack,125.41
QuantumBeam,125.03
NeoMind,124.99
SwiftBio,124.77
Deltaverse,124.55
VertexForge,123.8
ProtoRobotics,123.79
OrionPay,123.43
Astrafy,123.34
VeloHub,122.58
XenoBeam,122.4
YieldCloud,121.85
KiteRobotics,121.58
RapidTech,121.2
CloudForge,121.15
VertexAnalytics,121.14
RapidSense,120.92
CoreFlow,120.59
Rapidly,119.24
SageCloud,119.05
SwiftHub,118.94
Edgeio,118.57
WaveBio,118.45
EchoAI,118.25
Vibely,118.18
WaveX,117.58
EchoRobotics,116.04
Apexfy,115.48
VibeForge,114.07
AstraLabs,113.86
PixelWare,113.72
JetFlow,112.89
PixelWorks,112.87
CloudAnalytics,111.8
HubCloud,111.77
ZenX,111.5
IonSense,110.88
OnyxBeam,110.56
LumeBeam,110.38
EdgePlatform,110.23
OrionFlow,109.66
ZenPay,109.61
PulseBase,109.4
Hubio,109.3
ProtoFinance,109.26
SwiftSpace,109.23
Alphaio,108.08
OnyxLink,107.39
Protoverse,107.01
AlphaAI,106.88
IonWare,106.39
DataX,106.23
HubSpace,105.81
NeoSense,104.73
Terrafy,104.54
SageSense,104.29
VibeLabs,104.26
NexusWorks,104.18
PixelSystems,104.1
CyberSpace,103.92
Quantumio,103.6
ApexSense,103.47
OnyxFlow,102.93
HubBeam,102.76
HubPay,102.71
CloudPay,102.63
YieldSystems,102.56
FluxMind,102.54
VibeSecurity,102.29
PixelTech,102.12
LumeLogic,102.05
JetBeam,101.88
Deltafy,101.67
TideFinance,101.53
ForgeBase,101.12
SwiftBase,100.22
CloudRobotics,100.14
Neofy,99.7
ProtoBio,99.16
EdgeCore,98.98
ArcPlatform,98.85
EchoForge,98.62
QuarkX,98.37
EchoCore,98.29
BetaTech,98.13
WaveEnergy,97.99
NeoFinance,97.85
DataAI,97.38
PulseForge,97.17
YieldBase,96.75
Runefy,96.74
BoltLogic,96.44
VertexFlow,96.18
Cloudio,96.13
DawnLogic,95.79
CoreHealth,95.66
TerraEnergy,95.4
IonBeam,94.73
OrionSystems,94.33
UltraRobotics,94.31
ForgeEnergy,93.29
UltraEnergy,93.26
LumeFinance,92.83
HyperTech,92.42
ApexRobotics,92.18
GridAnalytics,92.16
TideLabs,90.81
SageCloud,90.8
OrionSecurity,89.71
TideLogic,89.1
EchoBase,89.02
BetaHub,88.64
NeoPay,88.61
BetaWorks,88.59
NovaSense,88.51
Swiftfy,87.83
Alphafy,87.41
PulseHub,87.18
Echoverse,86.88
Pulseio,86.43
OrionRobotics,86.4
RapidHealth,86.17
PixelRobotics,85.99
SageMind,85.85
LumeRobotics,85.61
CoreBase,85.36
CloudEnergy,85.21
SwiftAI,84.86
NexusSense,84.22
SageHealth,83.97
ForgeNet,83.33
Xenoverse,83.16
YieldX,83.15
MetaBase,82.63
DataDynamics,82.61
RuneWare,82.23
Jetio,81.9
QuarkSystems,81.81
CruxPay,81.17
NovaDynamics,80.69
UltraPay,80.59
DawnSpace,80.35
VibeAnalytics,80.22
EdgeRobotics,80.17
Zenly,80.09
CoreAnalytics,79.7
KiteBase,78.65
AlphaTech,78.33
IonSystems,78.29
IonCore,77.93
XenoDynamics,77.44
LumeAI,77.4
EdgeLink,77.32
CyberLabs,77.2
HubNet,77.07
QuarkSense,76.99
LumePlatform,76.94
FluxDynamics,76.88
ZenCore,76.43
OnyxNet,76.36
NovaFinance,76.27
Neoly,76.23
ForgeMind,76.03
QuantumFinance,75.75
NovaMind,75.57
KiteLogic,75.56
QuarkBeam,74.71
LumeFinance,73.93
GridForge,73.83
HyperLink,73.73
MetaPlatform,73.7
Gridverse,73.6
BetaSystems,73.46
ForgeSystems,73.24
CruxTech,72.95
CyberForge,72.88
DeltaFinance,72.55
CloudSense,72.28
BetaPlatform,72.15
SageLabs,71.98
DawnAnalytics,71.51
Swiftverse,71.36
ProtoSpace,71.3
CyberStack,71.07
HyperLink,70.87
ApexLink,70.76
WaveSecurity,70.74
LumeWare,70.43
Pulsely,70.41
Betaio,70.36
KiteWorks,70.33
Kiteio,70.32
ApexStack,70.25
Onyxfy,69.99
TideHub,69.95
ApexWorks,69.37
HyperCore,69.35
CoreCore,69.2
KiteSystems,68.28
VertexWare,68.16
SageSpace,68.05
OnyxCore,67.94
EdgeForge,67.7
LumeSystems,67.45
Veloio,67.37
KiteCore,66.88
XenoBio,66.63
RapidCloud,66.46
TerraEnergy,66.42
ApexFlow,65.7
XenoLabs,65.61
UltraHealth,65.51
VeloWare,65.35
ForgeDynamics,65.21
TideWare,65.15
LumeForge,65.04
SwiftAnalytics,65.02
NovaFlow,64.94
Cruxverse,64.17
CruxLink,63.39
OrionAI,63.24
AstraCloud,63.0
ForgeWare,62.96
EchoPay,62.34
JetBio,61.98
Ionverse,61.96
CruxFlow,61.76
ZenNet,61.62
FluxCloud,61.55
IonLink,61.11
QuarkLogic,60.79
ZenoForge,60.49
VertexBase,59.7
MetaWare,59.33
HubWare,59.25
RuneBio,59.2
Fluxio,59.0
DataPlatform,58.98
EdgeNet,58.61
JetSecurity,58.52
CloudSecurity,58.43
CyberBase,58.38
HubAI,58.32
TideTech,58.29
Terraio,57.89
FluxWare,57.2
EdgeSystems,56.98
ZenRobotics,56.74
MetaHub,56.63
CloudSystems,56.48
CruxSystems,56.47
JetAI,56.33
Kitefy,56.28
Vibeio,56.25
GridTech,56.06
LumePlatform,55.97
HubTech,55.91
OrionLogic,55.84
BoltSystems,55.8
AlphaEnergy,55.53
GridLogic,55.28
BetaSense,54.99
ProtoForge,54.9
ApexNet,54.66
FluxFlow,54.57
PulseAI,54.09
CruxEnergy,54.02
NovaSystems,53.86
FluxPlatform,53.86
SageHub,53.58
Cruxio,53.31
VertexNet,52.62
AstraFinance,52.58
Metaly,52.41
EdgePay,52.05
HyperWare,51.77
VeloForge,51.63
PulseMind,51.61
Zenoly,51.47
RuneStack,51.09
CloudDynamics,50.73
BetaBeam,50.72
ArcAnalytics,50.07
ApexLogic,49.95
IonCloud,49.27
TideBase,49.26
SageDynamics,49.24
SwiftRobotics,49.13
QuantumDynamics,48.52
VibeBio,47.99
ZenoBio,47.84
QuantumAnalytics,47.57
Vertexly,47.53
NeoForge,47.07
NeoDynamics,47.02
CruxRobotics,46.85
DawnStack,46.49
CloudMind,46.42
EchoEnergy,46.18
CoreFinance,46.17
AstraAI,46.05
CyberWorks,45.4
ProtoPay,45.4
RapidFlow,45.29
EdgeBeam,44.9
ForgeCloud,43.98
NexusBase,43.84
Nexusverse,43.82
ProtoSecurity,43.8
RuneLink,43.11
GridCloud,42.98
DeltaBeam,42.55
IonAI,42.41
TidePay,42.11
XenoWorks,41.59
OnyxX,41.53
EchoNet,41.52
CloudFlow,41.43
HubStack,41.33
WaveBeam,41.31
EchoBio,41.02
Terraverse,41.01
KiteRobotics,40.98
Jetio,40.93
VeloAI,40.88
SageBase,40.79
QuarkLogic,40.71
CoreSystems,40.71
UltraTech,40.64
QuarkWorks,40.3
NovaSpace,39.92
ArcBase,39.9
JetTech,39.62
WaveAI,39.6
GridLogic,39.52
OnyxForge,39.51
OrionSystems,39.3
OnyxSecurity,39.22
RapidWorks,38.92
DeltaPlatform,38.79
CloudLink,38.52
CyberBeam,38.18
AstraEnergy,37.97
BetaDynamics,37.71
DeltaHub,37.66
GridFinance,37.6
KiteSecurity,37.29
CyberFlow,36.85
NexusHub,36.67
LumeBio,36.63
VeloHub,36.2
ApexWare,35.98
PixelAnalytics,35.82
DataWorks,35.66
NexusCore,35.64
WaveHub,35.58
SageBase,35.55
CoreWorks,35.11
CyberWorks,34.9
BetaSense,34.65
CyberBeam,34.5
AstraCore,34.41
ZenBase,34.31
EdgeLogic,34.21
IonHealth,34.14
PixelWorks,33.98
CloudNet,33.8
ApexSpace,33.77
VibeWorks,33.67
Lumefy,33.44
ArcWare,32.89
RapidLogic,32.81
PulseCore,32.72
TerraForge,32.71
VertexEnergy,32.68
RapidBase,32.6
WaveSecurity,32.59
TerraBio,32.29
HyperLabs,32.25
ArcEnergy,32.2
MetaLogic,32.09
Jetverse,32.04
NeoX,31.97
RuneCore,31.9
VertexLogic,31.75
OnyxLabs,31.69
VeloNet,31.67
NeoBio,31.54
Arcverse,31.5
ForgeBase,31.47
DawnLink,31.25
ApexBase,31.19
PulseSense,31.03
DeltaForge,30.96
TerraSystems,30.95
ArcWorks,30.92
HyperStack,30.91
AlphaFlow,30.83
CoreSystems,30.78
LumeEnergy,30.55
BoltBio,30.45
VertexStack,30.39
VibeLabs,30.33
RapidNet,30.3
BetaForge,30.19
PulseWorks,29.82
TideCore,29.8
ArcBase,29.66
DataWare,29.58
RuneNet,29.53
CloudPay,29.48
CoreDynamics,29.2
JetDynamics,29.14
NexusLogic,29.05
OnyxEnergy,29.01
VibeTech,28.99
Edgely,28.8
EchoLink,28.78
KiteSense,28.75
XenoSense,28.73
OrionEnergy,28.67
AlphaDynamics,28.64
BoltStack,28.59
JetFlow,28.55
OrionAnalytics,28.48
IonBase,28.45
TideCloud,28.28
VeloDynamics,28.19
RuneLogic,28.18
DeltaTech,28.15
IonLabs,28.14
CorePlatform,28.09
CyberLink,27.98
ZenPlatform,27.94
Ultrafy,27.73
NexusLabs,27.71
CruxPlatform,27.65
IonFlow,27.58
LumeFinance,27.28
AlphaCore,27.21
OrionMind,27.19
NovaNet,27.16
DeltaCore,27.06
VibeNet,27.04
YieldMind,27.03
MetaForge,26.99
ForgeFinance,26.98
SwiftSense,26.93
Dataverse,26.87
MetaBase,26.87
Ultraio,26.78
Quarkverse,26.76
TideNet,26.66
EchoSpace,26.65
DawnFlow,26.56
ZenoBase,26.55
DawnHealth,26.55
VibeSecurity,26.45
BoltWorks,26.45
RapidForge,26.42
RuneWare,26.35
CloudSystems,26.33
PulseHub,26.27
BoltPay,26.02
RuneCore,25.94
PixelMind,25.89
ApexSense,25.69
Protoverse,25.69
NexusHealth,25.66
Vertexly,25.59
HubLabs,25.58
EdgeForge,25.58
GridSystems,25.57
ArcWare,25.57
NovaHub,25.5
MetaCloud,25.42
XenoStack,25.41
IonStack,25.35
ApexMind,25.29
DataEnergy,25.27
MetaX,25.22
Protoly,25.19
LumeMind,25.06
WaveLabs,25.05
AlphaLogic,25.02
ZenX,25.0
RapidDynamics,24.99
TideX,24.97
ProtoSense,24.96
RapidSecurity,24.84
PulseEnergy,24.82
JetCore,24.67
CloudEnergy,24.59
VertexSystems,24.56
PixelFlow,24.48
ProtoNet,24.33
AstraCloud,24.24
ArcSpace,24.16
KiteBio,24.06
MetaPlatform,24.05
ProtoFinance,24.04
CyberPay,23.77
Fluxverse,23.72
GridLabs,23.7
GridLink,23.6
RapidSense,23.57
FluxHub,23.53
EdgeBio,23.5
FluxX,23.46
NeoLabs,23.32
OnyxDynamics,23.28
YieldWare,23.17
XenoPay,23.17
QuantumHub,23.14
SwiftWare,23.11
AstraSystems,23.05
YieldFlow,23.01
Echoio,23.01
Boltio,22.93
CloudLogic,22.92
HyperSecurity,22.92
SwiftLabs,22.88
ApexLink,22.86
HubEnergy,22.83
CloudTech,22.78
JetFinance,22.74
ZenoSecurity,22.74
DeltaFlow,22.74
EdgeWare,22.7
NovaHealth,22.68
HubHub,22.63
YieldSpace,22.62
LumeTech,22.47
NeoCloud,22.46
Veloio,22.45
PulseSystems,22.24
AlphaX,22.08
FluxEnergy,22.06
ApexLabs,22.03
Jetly,22.0
AstraLink,21.92
NeoSpace,21.91
BoltHub,21.9
CyberX,21.88
NexusCore,21.88
SwiftNet,21.77
CruxEnergy,21.76
PulseStack,21.75
YieldDynamics,21.73
CruxSpace,21.7
Dawnly,21.66
FluxBeam,21.59
MetaDynamics,21.57
EchoBeam,21.56
OrionNet,21.47
CruxWare,21.44
NexusForge,21.42
Betaverse,21.42
DawnWare,21.42
RapidBio,21.32
AstraPlatform,21.26
SwiftRobotics,21.26
WavePay,21.23
GridWorks,21.21
NovaSecurity,21.09
NexusSense,21.08
UltraHub,21.07
OrionCloud,20.91
RapidMind,20.9
TideLink,20.87
LumeLink,20.81
QuarkBase,20.7
Dawnfy,20.67
FluxHealth,20.61
ZenoForge,20.6
AlphaHub,20.57
GridFlow,20.57
DawnAI,20.51
PixelBeam,20.46
ForgeStack,20.44
QuarkBeam,20.31
DeltaFinance,20.28
EchoAI,20.25
DataPlatform,20.23
RuneHealth,20.22
OnyxNet,20.22
EdgeAI,20.13
TerraTech,20.09
WaveTech,20.03
PixelCore,20.02
MetaLabs,19.98
IonX,19.95
HubForge,19.92
Metafy,19.92
RuneAnalytics,19.91
ZenoLabs,19.88
SageStack,19.87
HubFinance,19.83
WaveNet,19.79
IonAI,19.79
ZenWare,19.65
UltraEnergy,19.56
VibeDynamics,19.56
Deltaly,19.51
Neoio,19.51
DeltaHub,19.47
QuarkAI,19.47
NexusStack,19.44
RuneFinance,19.25
ZenoPay,19.25
TerraBase,19.22
AlphaRobotics,19.19
Deltafy,19.18
GridHealth,19.18
DataAI,19.14
CyberRobotics,19.09
Dataio,19.04
Alphaverse,18.98
RuneLabs,18.89
OnyxMind,18.86
AstraEnergy,18.84
KiteCloud,18.77
Sageio,18.75
Edgeio,18.71
Cloudio,18.7
IonSystems,18.69
CloudStack,18.68
Apexverse,18.64
ArcStack,18.62
QuantumCloud,18.6
FluxCloud,18.59
PulseX,18.56
BetaSecurity,18.52
FluxRobotics,18.46
YieldCloud,18.46
HubDynamics,18.44
NeoAnalytics,18.4
KiteStack,18.39
CruxDynamics,18.39
CruxLogic,18.39
TerraLogic,18.32
Pixelfy,18.25
ApexCloud,18.23
ProtoForge,18.23
MetaNet,18.23
DataTech,18.18
FluxTech,18.17
TerraX,18.15
RapidLink,18.13
DataFinance,18.13
DeltaTech,18.11
RuneSpace,18.1
Astrafy,18.09
CoreForge,18.09
ProtoHub,18.08
TideWorks,18.02
CloudNet,18.02
EdgeFinance,17.89
Corely,17.88
YieldHealth,17.83
Vibely,17.83
QuantumPlatform,17.76
VibeSpace,17.75
LumeSense,17.71
Cyberverse,17.67
PixelPay,17.66
ProtoX,17.56
Sageverse,17.55
KitePay,17.51
MetaWorks,17.49
SwiftHealth,17.45
UltraWorks,17.43
Runeio,17.42
EchoSecurity,17.39
ZenLogic,17.38
YieldStack,17.37
LumeRobotics,17.35
QuarkEnergy,17.34
Cloudfy,17.33
DataPay,17.3
QuarkRobotics,17.15
XenoFinance,17.11
CoreHub,17.08
DawnHub,17.08
YieldPlatform,17.05
TideBeam,17.05
ZenPlatform,17.02
EdgeDynamics,16.96
YieldFinance,16.96
QuarkAnalytics,16.94
AlphaPlatform,16.88
MetaEnergy,16.86
BoltMind,16.76
GridMind,16.74
ApexHub,16.73
Alphaly,16.69
ArcNet,16.67
FluxPay,16.66
XenoForge,16.64
AlphaWare,16.62
UltraLink,16.55
OrionLabs,16.5
QuantumCloud,16.49
YieldNet,16.44
Hyperio,16.43
SwiftBase,16.42
AstraBase,16.4
KiteTech,16.38
CruxRobotics,16.36
Apexfy,16.33
Hyperverse,16.32
BetaLink,16.31
CruxHub,16.3
KiteForge,16.18
VeloX,16.18
CyberAnalytics,16.08
CruxSense,15.99
BetaNet,15.94
ForgeBio,15.92
UltraFlow,15.91
DataWorks,15.91
LumeForge,15.87
OrionBase,15.84
TideSpace,15.84
TideAI,15.84
YieldTech,15.79
Echoly,15.79
GridCore,15.77
JetStack,15.77
TideSystems,15.74
EdgeEnergy,15.71
NeoRobotics,15.71
VeloWare,15.68
ZenoFlow,15.68
Orionio,15.66
EdgeFlow,15.58
PixelBio,15.53
Yieldverse,15.51
VeloBeam,15.49
TerraHealth,15.48
VeloCloud,15.47
ZenRobotics,15.45
NexusSystems,15.43
TerraEnergy,15.33
EdgeSecurity,15.33
ApexPlatform,15.31
NexusFinance,15.31
EdgeMind,15.3
CorePlatform,15.3
Hubfy,15.28
IonRobotics,15.28
CruxAnalytics,15.24
ZenStack,15.24
NexusFlow,15.22
YieldBase,15.18
PixelSystems,15.13
ApexX,15.12
DawnLogic,15.1
DawnTech,15.07
CoreCloud,15.06
ArcLink,15.06
Ultraverse,15.06
HyperX,15.05
AlphaBeam,15.05
EchoLabs,15.03
GridSpace,15.03
VibeBio,15.02
SageX,15.01
ForgeSecurity,14.97
CyberFinance,14.95
PixelAI,14.95
CloudBase,14.95
ZenoHealth,14.91
BetaPay,14.88
CloudAnalytics,14.86
VibeHub,14.82
CorePay,14.77
Wavefy,14.76
OnyxWare,14.73
Novaio,14.7
AlphaNet,14.68
ArcSystems,14.65
NovaEnergy,14.61
ApexDynamics,14.59
BoltSpace,14.59
Gridfy,14.54
PulseFinance,14.52
CoreEnergy,14.49
Novaverse,14.49
SwiftSpace,14.49
SageRobotics,14.48
Tidefy,14.47
NexusDynamics,14.41
SagePay,14.39
JetBio,14.34
VertexDynamics,14.33
EchoPlatform,14.32
BoltSense,14.29
VertexLabs,14.26
JetSpace,14.25
YieldLink,14.24
DawnBase,14.21
CruxSystems,14.18
Jetfy,14.16
OnyxHub,14.12
KiteFlow,14.08
DawnEnergy,14.07
Terraverse,14.05
RuneSense,14.03
ArcFlow,14.03
RuneTech,14.01
PixelBase,14.01
AlphaSystems,13.99
SageBio,13.97
Apexio,13.92
OnyxBio,13.91
HubLogic,13.9
ForgeBeam,13.88
HyperWorks,13.83
OrionHealth,13.82
IonSecurity,13.81
CruxLabs,13.81
EdgePlatform,13.8
PulseBase,13.77
HyperForge,13.72
JetAnalytics,13.68
VertexBeam,13.62
EdgeLabs,13.61
WaveDynamics,13.6
SageDynamics,13.57
OnyxWorks,13.55
TideWare,13.52
AstraTech,13.43
DeltaCloud,13.4
JetMind,13.38
NovaBase,13.38
UltraFinance,13.34
QuarkLink,13.33
Edgefy,13.32
PixelStack,13.32
HyperEnergy,13.31
DawnCloud,13.31
SageFinance,13.3
ProtoStack,13.29
ProtoBeam,13.27
CloudMind,13.25
OnyxPay,13.24
LumeStack,13.24
FluxLogic,13.24
YieldAI,13.22
NovaAI,13.22
CruxHealth,13.18
CloudFinance,13.16
ArcAI,13.14
ZenoFinance,13.13
YieldSense,13.12
ArcMind,13.12
QuantumNet,13.12
SageCore,13.1
JetHub,13.1
JetEnergy,13.09
BoltAI,13.06
VeloPlatform,13.05
DeltaX,13.05
IonLabs,13.03
CoreAI,13.02
NeoBeam,13.01
NovaSystems,13.0
VeloAnalytics,12.97
BetaMind,12.97
MetaPay,12.94
TerraWare,12.9
CruxFinance,12.89
XenoWare,12.87
Apexly,12.87
FluxPlatform,12.86
HyperFlow,12.86
DeltaSpace,12.86
Neofy,12.83
PulseHealth,12.81
PixelHub,12.8
NovaLabs,12.79
CruxLink,12.78
ProtoAnalytics,12.77
CoreLink,12.72
TideBase,12.65
HubAnalytics,12.62
CruxNet,12.61
Nexusly,12.6
TerraStack,12.59
Rapidly,12.58
PulseWare,12.58
XenoEnergy,12.58
PixelDynamics,12.57
EchoCore,12.55
XenoBase,12.54
Vibefy,12.52
XenoHub,12.51
IonSense,12.51
CyberHealth,12.49
EchoX,12.47
ZenSystems,12.42
GridEnergy,12.42
BetaHealth,12.42
KiteNet,12.39
VeloFinance,12.38
Xenoverse,12.36
PixelWare,12.34
ForgeTech,12.32
LumeHealth,12.31
YieldAI,12.3
SwiftFlow,12.26
RuneForge,12.25
HubSystems,12.2
DeltaX,12.16
NeoFlow,12.15
CyberFlow,12.13
PixelNet,12.12
FluxFinance,12.07
CoreSpace,12.05
XenoWorks,12.0
PulseNet,11.99
DeltaEnergy,11.99
NovaPlatform,11.96
WaveFlow,11.95
Boltly,11.95
ForgeAnalytics,11.92
EchoFinance,11.91
TerraWorks,11.89
QuantumLogic,11.88
KiteMind,11.88
PulseAI,11.84
Vertexio,11.84
PulseBeam,11.83
WaveRobotics,11.83
CyberAI,11.82
OnyxAnalytics,11.81
Xenofy,11.81
ProtoEnergy,11.78
IonSpace,11.75
DataRobotics,11.74
AstraSpace,11.73
BoltSpace,11.72
ForgeNet,11.69
VeloPay,11.67
QuantumMind,11.63
KiteLogic,11.59
ZenNet,11.59
WaveMind,11.56
ZenoLink,11.56
BoltLogic,11.56
Edgeverse,11.53
HubSense,11.52
TideHealth,11.52
AstraSense,11.49
NexusBeam,11.45
VertexNet,11.45
OnyxFinance,11.44
HubBio,11.43
AlphaLabs,11.41
MetaMind,11.39
CruxSecurity,11.39
QuarkSystems,11.36
Onyxverse,11.36
WaveX,11.35
OrionTech,11.31
SageSense,11.3
QuantumForge,11.3
CloudAI,11.28
EdgeCore,11.27
RuneCloud,11.25
DeltaBeam,11.24
QuantumSpace,11.23
ForgeBio,11.23
ArcAnalytics,11.21
EchoWorks,11.21
RuneBase,11.2
QuantumEnergy,11.15
ForgeX,11.15
AstraFlow,11.14
PulseLogic,11.14
EdgeTech,11.11
ProtoCore,11.11
AlphaPay,11.07
ForgeWorks,11.06
WaveLink,11.03
UltraCore,11.01
OrionPlatform,11.0
AstraForge,10.99
CyberCloud,10.98
SwiftTech,10.98
ZenoAnalytics,10.96
UltraBeam,10.93
ApexBio,10.92
ZenoPlatform,10.91
HyperCloud,10.9
PulseForge,10.89
QuarkSense,10.88
TideBio,10.87
ArcLogic,10.86
EchoBase,10.86
JetCloud,10.86
PixelSpace,10.85
RuneFlow,10.83
BetaBeam,10.82
Xenoio,10.81
SwiftX,10.81
AlphaFinance,10.81
MetaSense,10.79
LumeAnalytics,10.77
DeltaSystems,10.76
SwiftPlatform,10.74
VertexSecurity,10.74
Hubverse,10.74
QuantumHealth,10.71
CloudForge,10.7
Onyxly,10.68
CloudPlatform,10.67
AstraHub,10.66
RuneRobotics,10.66
OnyxAI,10.65
ProtoTech,10.64
PixelPlatform,10.64
SagePlatform,10.59
RapidAI,10.55
NeoTech,10.52
Coreio,10.52
FluxSystems,10.5
ForgeHub,10.49
GridTech,10.49
ArcWorks,10.49
Onyxio,10.48
MetaFinance,10.48
EdgeX,10.47
ZenLink,10.46
CoreStack,10.45
NovaSense,10.45
OrionSense,10.44
Pulsefy,10.44
Xenoly,10.43
PulseTech,10.38
FluxAnalytics,10.37
FluxBio,10.37
CoreSecurity,10.31
BetaHub,10.3
RapidHub,10.29
SageEnergy,10.26
DataHealth,10.23
NovaTech,10.22
RapidBeam,10.21
ProtoRobotics,10.2
RuneWorks,10.2
EchoWare,10.19
Cruxly,10.19
VertexFinance,10.16
CoreAnalytics,10.14
JetPay,10.12
FluxFlow,10.12
EchoStack,10.11
TerraPlatform,10.1
Corefy,10.09
EchoSecurity,10.05
NeoHealth,10.04
ApexAnalytics,10.02
UltraSense,10.02
DawnFinance,10.01
AlphaSpace,10.0
Hubly,10.0
Pulseio,9.98
ZenoAnalytics,9.98
EchoAnalytics,9.97
HubRobotics,9.96
SwiftSystems,9.94
ZenBase,9.94
RuneSystems,9.92
PixelLabs,9.91
FluxCore,9.89
OnyxX,9.88
JetLogic,9.86
TerraBeam,9.8
CloudSense,9.79
SwiftMind,9.78
NexusCloud,9.78
PulseCore,9.75
DawnSystems,9.72
ArcFinance,9.7
MetaTech,9.7
BoltFlow,9.69
BoltBeam,9.68
ZenoSpace,9.67
MetaAI,9.64
EchoRobotics,9.64
Ionly,9.63
ZenoX,9.63
YieldCloud,9.61
XenoAI,9.59
Deltaio,9.58
FluxBase,9.57
SwiftAI,9.55
CoreNet,9.54
XenoCloud,9.54
VibeWorks,9.51
Neoverse,9.51
DataForge,9.51
QuarkPlatform,9.5
JetBeam,9.49
OrionLink,9.43
Ionfy,9.42
KiteBeam,9.41
BetaAI,9.4
Datafy,9.4
Kiteverse,9.4
NexusBase,9.37
AstraNet,9.36
OrionSecurity,9.36
Cyberly,9.33
QuarkX,9.31
ForgeEnergy,9.31
DeltaBio,9.25
NovaFlow,9.24
TerraMind,9.24
NeoMind,9.23
VeloEnergy,9.22
AlphaSense,9.21
HyperSense,9.21
PixelFinance,9.2
SwiftSecurity,9.2
ArcCloud,9.2
ZenSpace,9.2
XenoLogic,9.19
HubWare,9.16
Yieldly,9.15
SwiftPlatform,9.15
FluxWorks,9.14
PixelSecurity,9.14
HubMind,9.13
CruxBeam,9.12
KiteWare,9.11
TerraAnalytics,9.1
ProtoLabs,9.08
PulseBio,9.08
IonCloud,9.07
NeoStack,9.06
LumeBase,9.06
UltraAI,9.05
Cloudly,9.05
PixelCloud,9.05
ForgeAI,9.04
CyberCore,9.02
VibeRobotics,9.0
IonPay,8.96
ZenoLabs,8.95
CloudNet,8.95
CyberMind,8.95
QuarkStack,8.94
Terraly,8.93
Pixelly,8.92
ArcPay,8.92
CyberSpace,8.91
IonFlow,8.91
PulseAnalytics,8.9
KiteWorks,8.89
AstraPay,8.89
BetaWare,8.88
OrionRobotics,8.88
SwiftAnalytics,8.86
AlphaWare,8.83
VibeLogic,8.82
Quantumfy,8.82
BoltCore,8.81
OnyxLogic,8.81
JetHealth,8.79
OrionBase,8.79
ZenWorks,8.79
QuarkCloud,8.77
EdgeStack,8.77
RapidPlatform,8.76
ApexStack,8.76
CloudHub,8.75
WaveSystems,8.75
ZenoEnergy,8.73
HyperFinance,8.72
MetaAnalytics,8.72
QuantumWorks,8.71
SageHealth,8.71
BoltLabs,8.68
ProtoWorks,8.66
CoreLogic,8.66
CruxTech,8.64
Velofy,8.64
ApexBeam,8.62
HyperBio,8.62
DeltaLabs,8.61
NovaCore,8.56
TerraLink,8.56
DawnSecurity,8.56
Lumely,8.53
YieldBio,8.53
ForgeLink,8.52
VeloNet,8.52
JetWorks,8.52
SageForge,8.51
FluxForge,8.51
ArcLabs,8.5
ForgeSense,8.5
QuantumFinance,8.49
PixelTech,8.49
CyberAI,8.48
IonFinance,8.48
Metaverse,8.47
Deltaverse,8.47
YieldLabs,8.45
QuantumTech,8.43
AstraDynamics,8.43
Arcly,8.4
UltraPay,8.39
Quarkfy,8.38
SwiftCore,8.37
QuarkForge,8.36
PulseTech,8.35
OnyxForge,8.35
ZenoRobotics,8.35
ZenFinance,8.34
VeloMind,8.33
IonTech,8.31
KiteLink,8.3
ApexFinance,8.26
YieldBeam,8.26
VertexPay,8.24
LumeLabs,8.2
Boltverse,8.18
Orionverse,8.17
VibeAI,8.17
VeloRobotics,8.17
XenoDynamics,8.15
Zenofy,8.14
Hubly,8.13
ArcTech,8.11
EchoLogic,8.09
ZenMind,8.08
AlphaBase,8.04
JetForge,8.02
BetaSystems,8.01
DeltaNet,8.01
DataNet,7.97
HubSpace,7.97
XenoFlow,7.95
BetaStack,7.95
VibeFinance,7.93
DataSense,7.92
DawnMind,7.91
ZenoWare,7.9
DataMind,7.9
NexusBio,7.89
VeloCore,7.87
TerraAI,7.86
BetaFinance,7.86
CyberHub,7.86
QuantumCore,7.83
KiteFinance,7.8
Astraly,7.8
NovaTech,7.8
WaveLabs,7.79
DataDynamics,7.79
CoreBase,7.79
OnyxBase,7.77
WaveBeam,7.75
VeloHealth,7.74
NovaDynamics,7.74
QuarkNet,7.73
VeloSense,7.72
Alphafy,7.69
SwiftWorks,7.68
YieldLogic,7.68
NexusWare,7.66
ForgeLogic,7.64
GridBase,7.63
CoreBeam,7.62
DataCloud,7.61
WaveForge,7.6
UltraPlatform,7.59
GridBio,7.58
CyberNet,7.56
TideAnalytics,7.55
QuarkCore,7.55
PulseSecurity,7.54
DeltaFlow,7.54
TideStack,7.52
ApexFinance,7.52
QuarkWorks,7.51
IonAI,7.51
TerraHub,7.5
ProtoMind,7.49
EchoMind,7.48
QuantumDynamics,7.47
DeltaAI,7.47
RuneStack,7.46
KiteHealth,7.45
TideFlow,7.43
CruxMind,7.42
OrionPay,7.42
CruxBio,7.41
TideRobotics,7.4
NovaSecurity,7.4
DataX,7.4
Lumeio,7.38
SwiftBio,7.37
CoreBio,7.36
VeloTech,7.36
YieldBeam,7.36
UltraPlatform,7.36
AstraBio,7.34
SageNet,7.33
KiteSystems,7.33
YieldSpace,7.31
OnyxCloud,7.3
UltraSpace,7.29
TerraFinance,7.29
Rapidfy,7.29
PixelLink,7.27
ArcBeam,7.26
IonBeam,7.25
CoreWare,7.25
BoltX,7.2
KiteSense,7.2
EdgeAnalytics,7.16
RapidStack,7.16
Echoverse,7.16
RapidAnalytics,7.15
CloudBio,7.14
EdgeSystems,7.13
ZenForge,7.11
ZenSense,7.1
WaveHealth,7.09
HubCore,7.08
ZenoCore,7.06
FluxWorks,7.06
CyberLabs,7.05
UltraTech,7.05
CloudCloud,7.03
Quantumverse,7.03
WaveBio,7.02
ApexRobotics,7.02
TideHub,7.0
Wavely,6.98
GridAI,6.97
PulseSense,6.96
RapidPay,6.95
CyberBase,6.94
HyperDynamics,6.94
VertexHealth,6.93
HubSense,6.92
EchoCore,6.92
CyberDynamics,6.88
EdgeHealth,6.87
CyberSecurity,6.84
VertexBio,6.83
RapidCore,6.83
QuarkDynamics,6.82
YieldRobotics,6.82
HubWorks,6.8
MetaWare,6.79
Sagefy,6.78
NexusPay,6.77
Pulseverse,6.76
CyberEnergy,6.75
Cruxfy,6.74
AlphaTech,6.69
UltraRobotics,6.69
FluxStack,6.69
ForgeForge,6.66
QuantumPay,6.66
Veloverse,6.66
ZenHub,6.65
CoreCore,6.65
SageCloud,6.65
MetaForge,6.64
OnyxStack,6.63
WavePlatform,6.63
DataStack,6.63
RapidX,6.62
QuantumTech,6.6
VertexHub,6.59
ZenSecurity,6.59
ArcDynamics,6.59
BetaMind,6.58
JetX,6.57
GridAnalytics,6.53
QuarkHealth,6.51
UltraDynamics,6.51
FluxStack,6.48
SageLabs,6.48
CruxPay,6.48
VeloFlow,6.48
BetaTech,6.47
DawnDynamics,6.47
PulseStack,6.47
ApexAI,6.45
Quantumio,6.45
XenoMind,6.43
DataLogic,6.43
DawnBeam,6.42
UltraSecurity,6.42
DataBio,6.4
AlphaStack,6.39
BoltWorks,6.37
LumePay,6.37
MetaHub,6.36
Fluxly,6.36
GridPay,6.35
ZenLabs,6.35
CoreFinance,6.34
RapidSystems,6.33
XenoSpace,6.33
AstraHealth,6.32
NovaForge,6.32
Swiftly,6.31
ArcRobotics,6.31
QuarkMind,6.31
OrionDynamics,6.28
CruxAI,6.28
ForgePay,6.25
AlphaSecurity,6.25
VeloLink,6.23
VeloForge,6.23
GridPlatform,6.23
ArcHub,6.22
IonWorks,6.22
NexusWorks,6.22
Rapidverse,6.21
Yieldio,6.21
AstraX,6.21
RapidLabs,6.2
CyberPlatform,6.19
VertexSense,6.15
VertexWare,6.15
CoreRobotics,6.15
SageLogic,6.13
XenoPlatform,6.13
Forgeio,6.12
HubFlow,6.12
EchoDynamics,6.11
WaveStack,6.1
BoltHealth,6.09
DataSecurity,6.08
MetaStack,6.08
AstraLabs,6.07
ArcSecurity,6.06
ArcPlatform,6.06
TerraDynamics,6.05
Apexverse,6.04
OrionStack,6.04
PixelEnergy,6.03
CoreTech,6.03
TerraPlatform,6.02
XenoCore,6.01
ArcHub,6.0
AlphaBio,5.97
TerraForge,5.97
DeltaSecurity,5.94
NexusNet,5.91
EchoTech,5.9
ProtoLogic,5.89
Edgely,5.88
DawnLabs,5.87
MetaLink,5.87
NexusFlow,5.86
ArcCore,5.86
XenoLabs,5.85
VibeX,5.84
ArcSense,5.83
ZenDynamics,5.8
CoreNet,5.79
BoltWare,5.79
Sagely,5.77
LumeBeam,5.76
Runefy,5.75
CloudSecurity,5.74
SageBio,5.74
BoltAnalytics,5.71
ZenFlow,5.71
PixelAnalytics,5.7
VibeLink,5.7
EdgeNet,5.7
AstraAnalytics,5.68
DawnAnalytics,5.68
Cyberio,5.67
YieldEnergy,5.67
Nexusio,5.66
BetaPlatform,5.65
EchoLink,5.65
CloudWare,5.65
WaveFinance,5.65
ApexSystems,5.64
ForgeFlow,5.63
QuantumX,5.6
ZenBio,5.59
OrionHub,5.58
Zenoio,5.57
ZenoHub,5.57
RuneHub,5.57
RuneMind,5.57
EdgePay,5.56
GridSense,5.56
ApexSecurity,5.55
SageSpace,5.55
FluxMind,5.51
BoltNet,5.49
CyberWare,5.49
OnyxLink,5.48
XenoLink,5.48
EdgeBase,5.47
RapidDynamics,5.46
VertexCore,5.46
YieldAnalytics,5.46
Vibeverse,5.45
SageSystems,5.45
NeoEnergy,5.45
Tidely,5.44
CloudCore,5.42
NeoSecurity,5.42
Forgefy,5.41
AstraStack,5.41
Vertexfy,5.4
SageMind,5.39
RuneCloud,5.37
VibeWare,5.37
RapidHealth,5.36
NovaSpace,5.35
HyperSystems,5.34
OnyxWare,5.34
Rapidio,5.34
YieldLink,5.34
OrionWorks,5.32
GridX,5.31
DawnNet,5.3
VertexRobotics,5.28
Kitely,5.28
MetaHealth,5.27
CruxHealth,5.27
AstraSecurity,5.27
PixelRobotics,5.27
ForgeWare,5.25
SwiftCloud,5.25
Metafy,5.25
ForgeHealth,5.25
VertexCloud,5.24
Lumeverse,5.24
YieldSecurity,5.22
PixelCore,5.22
ZenAI,5.21
VibeFlow,5.2
DataSpace,5.2
IonPlatform,5.2
RapidEnergy,5.2
Vertexverse,5.19
ZenHealth,5.18
Tideverse,5.17
GridStack,5.16
WaveSpace,5.15
SwiftFinance,5.15
UltraAnalytics,5.14
MetaSecurity,5.14
Waveverse,5.13
SageAI,5.12
DataForge,5.11
UltraHealth,5.11
AlphaSpace,5.11
VertexWorks,5.11
VertexSpace,5.08
VibeHealth,5.08
XenoSystems,5.08
UltraSystems,5.08
QuarkLabs,5.05
HubSecurity,5.05
Boltfy,5.05
NeoLabs,5.03
VibePay,5.03
ArcHealth,5.01
GridNet,5.0
DawnSpace,5.0
PixelForge,4.99
CyberStack,4.99
WaveEnergy,4.99
ApexCore,4.99
QuantumBio,4.99
Pixelio,4.98
AlphaLabs,4.98
SwiftBeam,4.98
ZenoTech,4.97
Alphaio,4.96
HubTech,4.94
EdgeSystems,4.94
NovaFinance,4.94
RapidWare,4.94
EchoSystems,4.94
VertexEnergy,4.93
CoreFlow,4.92
HyperTech,4.91
CruxWorks,4.91
PulseFlow,4.9
BoltAnalytics,4.89
ProtoFlow,4.89
DeltaPay,4.89
Ultraly,4.88
HyperLabs,4.88
Protoio,4.86
BoltBase,4.86
DawnPlatform,4.85
VertexLink,4.85
NovaLogic,4.83
VertexAI,4.83
VertexFlow,4.83
ProtoStack,4.81
JetRobotics,4.81
RuneSecurity,4.81
BoltTech,4.79
IonLink,4.79
FluxSense,4.78
FluxRobotics,4.78
Protoly,4.77
Orionly,4.76
MetaSpace,4.76
VibeBeam,4.75
YieldCore,4.73
CloudRobotics,4.73
OrionMind,4.73
NeoSense,4.72
BetaWorks,4.72
CoreMind,4.72
MetaSystems,4.71
CloudFinance,4.71
ProtoDynamics,4.71
QuantumRobotics,4.7
Novaly,4.7
Arcfy,4.69
EchoFlow,4.69
SwiftForge,4.69
DawnPay,4.68
NovaLabs,4.68
LumeAI,4.67
NeoNet,4.66
OrionBio,4.66
ZenoDynamics,4.64
ZenSpace,4.63
HubX,4.62
DeltaHealth,4.62
ProtoHealth,4.61
CoreHealth,4.6
ZenLink,4.59
CruxStack,4.58
NovaX,4.58
DataWorks,4.57
Orionly,4.57
CyberStack,4.57
BetaCloud,4.57
CloudWorks,4.56
EdgeWorks,4.56
ForgeSpace,4.56
CloudBeam,4.56
ProtoSecurity,4.55
LumeCloud,4.54
ApexNet,4.54
NovaBeam,4.54
CruxSystems,4.53
Quantumly,4.53
FluxAI,4.53
ZenoStack,4.51
HubLink,4.51
Gridio,4.51
DeltaLink,4.5
LumeSecurity,4.5
Pulseio,4.49
VibeSense,4.49
XenoTech,4.49
TerraSense,4.49
ForgeAI,4.48
EchoPay,4.48
VertexStack,4.47
AstraBeam,4.45
OnyxPlatform,4.44
NeoHub,4.42
VibeAnalytics,4.4
BoltRobotics,4.39
QuarkFlow,4.39
ForgeStack,4.38
ZenCore,4.37
LumeWorks,4.37
Betaio,4.37
MetaX,4.36
DeltaPlatform,4.33
ForgeBase,4.33
JetLink,4.32
KiteLink,4.32
NeoLink,4.31
PulseLink,4.31
QuantumLink,4.29
EchoBio,4.28
KiteHub,4.27
AstraLogic,4.25
HyperWare,4.24
LumeDynamics,4.24
DawnTech,4.22
ApexPay,4.22
PulseLogic,4.22
QuantumNet,4.21
ProtoCloud,4.2
SwiftHub,4.19
BetaBio,4.19
NexusMind,4.19
OnyxCloud,4.18
IonLogic,4.17
BoltSense,4.17
OnyxHealth,4.17
ZenPay,4.17
IonForge,4.16
OnyxBeam,4.16
CyberX,4.15
NexusPlatform,4.15
IonDynamics,4.14
NexusSecurity,4.14
Nexusly,4.12
OnyxCore,4.12
WaveWorks,4.12
TideSystems,4.12
CyberLogic,4.12
VertexSense,4.11
Cyberfy,4.1
ForgeRobotics,4.06
QuantumSystems,4.06
SageDynamics,4.06
FluxNet,4.06
OrionCore,4.05
XenoHealth,4.05
TideForge,4.04
AlphaAnalytics,4.04
PulseBeam,4.03
ApexWorks,4.03
ProtoAI,4.02
TidePlatform,4.01
CyberLogic,4.01
ArcLogic,4.0
PulseLabs,3.99
JetSense,3.99
AstraMind,3.97
VeloStack,3.97
NovaStack,3.96
Alphaio,3.96
NeoPlatform,3.95
Zenverse,3.95
VeloLabs,3.95
KiteSpace,3.94
DataNet,3.94
BetaX,3.94
XenoNet,3.94
PulseDynamics,3.93
NexusHealth,3.92
XenoBio,3.91
UltraStack,3.9
QuarkBio,3.9
ZenDynamics,3.9
ZenoBeam,3.89
ProtoBio,3.88
TerraFlow,3.87
BoltDynamics,3.87
QuarkFinance,3.87
DeltaCloud,3.85
SwiftLogic,3.85
WaveSense,3.85
SwiftLogic,3.83
XenoEnergy,3.81
HubCloud,3.81
VibeCloud,3.8
IonPlatform,3.8
JetWare,3.79
Zenoverse,3.78
Vibeio,3.77
SageBeam,3.77
KiteX,3.77
DeltaRobotics,3.77
RapidFinance,3.76
CloudSpace,3.75
UltraMind,3.75
BoltFinance,3.74
PixelX,3.73
GridRobotics,3.73
ApexEnergy,3.71
ZenoMind,3.71
SwiftEnergy,3.71
NovaCloud,3.7
VertexForge,3.7
IonMind,3.7
MetaBeam,3.69
DeltaWorks,3.67
SageWare,3.67
TideMind,3.67
RuneBio,3.67
HubHealth,3.65
UltraLabs,3.64
DeltaLogic,3.63
Swiftverse,3.63
BoltBeam,3.63
ForgeLabs,3.63
BetaCore,3.62
Forgely,3.61
EdgeSense,3.61
UltraX,3.61
DataSystems,3.61
PulsePay,3.61
HyperBeam,3.6
VibeEnergy,3.59
ZenCloud,3.59
DeltaBase,3.58
Protofy,3.58
SwiftLink,3.57
AstraWorks,3.57
Terraio,3.56
LumeTech,3.56
DeltaDynamics,3.54
HubAnalytics,3.53
BoltCloud,3.51
RuneRobotics,3.5
Nexusfy,3.5
ApexHealth,3.49
ZenEnergy,3.49
ProtoPlatform,3.49
BoltEnergy,3.48
HyperBase,3.46
BoltSecurity,3.46
RapidBase,3.46
ForgeDynamics,3.44
Coreverse,3.42
IonNet,3.42
DawnRobotics,3.4
PulseCloud,3.4
KiteAI,3.39
HubDynamics,3.38
Sagefy,3.38
NexusEnergy,3.38
NexusNet,3.37
CloudX,3.37
TerraLabs,3.37
OnyxSpace,3.36
DeltaWare,3.36
CruxCloud,3.36
RapidSpace,3.36
DataLabs,3.35
UltraBio,3.35
Hyperfy,3.35
VibeForge,3.35
BetaFlow,3.35
OnyxSense,3.35
BetaBase,3.35
VibePlatform,3.34
CloudLabs,3.33
Zenoly,3.33
DataLink,3.31
OnyxLabs,3.31
AstraFinance,3.3
QuantumAnalytics,3.3
UltraWare,3.3
CoreLabs,3.29
LumeX,3.28
EchoHub,3.26
YieldWorks,3.26
Quarkverse,3.25
XenoX,3.24
GridLabs,3.24
HyperSpace,3.23
OrionLogic,3.23
PixelSense,3.22
OrionCloud,3.22
TerraSpace,3.21
YieldSystems,3.19
HyperCore,3.19
MetaFlow,3.18
SageLink,3.18
ForgePlatform,3.17
MetaCloud,3.16
OrionSpace,3.16
ZenTech,3.16
SageSecurity,3.16
HubBase,3.15
VertexX,3.15
VibeEnergy,3.15
VibeMind,3.15
DeltaMind,3.14
VibeSystems,3.14
SwiftStack,3.13
IonRobotics,3.13
NexusSystems,3.13
FluxLabs,3.13
GridWare,3.12
DataAnalytics,3.12
NeoWare,3.11
Fluxfy,3.11
CyberTech,3.07
CruxCore,3.06
TideDynamics,3.06
ZenWare,3.03
NeoWare,3.03
JetBase,3.03
VeloSecurity,3.03
TerraSense,3.02
TideEnergy,3.02
EchoSense,3.02
AlphaLink,3.0
TerraPay,3.0
LumeFlow,3.0
PulseSpace,2.99
UltraBase,2.99
NovaEnergy,2.98
TerraNet,2.96
XenoBeam,2.96
UltraForge,2.96
ProtoMind,2.94
CyberSystems,2.93
CloudHealth,2.91
Cyberly,2.91
TideFinance,2.91
Arcio,2.91
GridBeam,2.91
ApexTech,2.9
VeloSystems,2.9
FluxSpace,2.9
TerraCloud,2.9
VertexPlatform,2.89
BetaAnalytics,2.89
Jetverse,2.89
Swiftio,2.89
HyperCloud,2.88
DawnAI,2.88
OrionFinance,2.87
CyberBio,2.86
VeloWorks,2.85
QuarkPay,2.85
YieldForge,2.84
KiteAnalytics,2.84
QuarkTech,2.83
EchoForge,2.83
ZenoLogic,2.83
VertexAnalytics,2.83
QuarkWare,2.83
OnyxRobotics,2.82
NovaWare,2.81
Pixelly,2.8
CruxX,2.8
AstraAI,2.8
HyperHub,2.79
HubBio,2.78
NeoPay,2.78
LumeCore,2.77
HyperMind,2.76
YieldWare,2.76
Zenly,2.75
RapidCloud,2.75
TerraCore,2.75
MetaCore,2.73
Metaio,2.73
MetaForge,2.71
HyperPlatform,2.71
CyberNet,2.7
Ionio,2.69
VeloLogic,2.68
DawnSense,2.68
YieldHub,2.68
MetaRobotics,2.66
PixelLogic,2.66
NeoAI,2.64
VibeBase,2.64
TideAnalytics,2.64
BoltLink,2.63
OrionX,2.62
AstraTech,2.62
AlphaWorks,2.61
SwiftDynamics,2.6
TideTech,2.6
NeoWorks,2.59
NeoSystems,2.59
PixelFlow,2.54
UltraNet,2.54
QuantumBeam,2.54
NovaRobotics,2.54
RuneDynamics,2.54
QuantumRobotics,2.53
HubPay,2.51
MetaAI,2.51
OnyxNet,2.5
VibeStack,2.5
FluxLink,2.5
ZenoAI,2.49
PulsePlatform,2.49
Forgeverse,2.49
TideCore,2.49
TideSecurity,2.49
DawnStack,2.49
ProtoSystems,2.48
VeloBio,2.48
OnyxTech,2.47
NovaBio,2.46
NovaLink,2.46
Veloly,2.45
CyberSense,2.44
NexusAnalytics,2.44
CruxForge,2.44
NovaFlow,2.44
ApexX,2.44
CruxStack,2.44
NovaWorks,2.42
MetaDynamics,2.41
LumeLogic,2.41
ZenoFlow,2.41
VibeCore,2.41
IonAnalytics,2.4
VibeWorks,2.4
AstraWare,2.39
IonCore,2.39
BoltPlatform,2.38
ZenoSense,2.38
Cyberverse,2.37
QuantumStack,2.37
MetaBio,2.36
EdgeCloud,2.35
NeoLogic,2.34
HubBeam,2.34
BetaEnergy,2.34
WaveAnalytics,2.33
Jetio,2.33
DeltaAnalytics,2.32
VeloSpace,2.32
ProtoWare,2.32
LumeHub,2.31
IonBio,2.3
JetWorks,2.3
DataHub,2.29
PulseRobotics,2.28
SageFlow,2.28
Yieldfy,2.28
Zenfy,2.28
XenoRobotics,2.28
TideSense,2.27
RuneAnalytics,2.26
TerraRobotics,2.26
YieldBio,2.26
Apexverse,2.25
WaveLogic,2.25
ZenoSystems,2.24
NeoPlatform,2.24
ZenoNet,2.23
HubNet,2.22
ZenAnalytics,2.22
NexusTech,2.22
RuneBeam,2.2
NeoFinance,2.2
GridSecurity,2.19
HyperNet,2.19
AlphaForge,2.18
NeoCore,2.18
FluxDynamics,2.18
Kiteio,2.16
HyperHealth,2.16
CoreSense,2.15
BetaSpace,2.15
OnyxFinance,2.15
RuneEnergy,2.15
QuarkHub,2.14
GridDynamics,2.14
WaveBase,2.14
AlphaHub,2.14
BetaCloud,2.13
RunePay,2.12
OrionForge,2.12
LumeNet,2.11
Swiftfy,2.1
HubEnergy,2.09
OrionFlow,2.09
YieldPay,2.09
UltraLogic,2.09
UltraPay,2.09
DawnForge,2.08
YieldX,2.07
IonEnergy,2.07
IonWare,2.07
EchoHealth,2.07
IonHub,2.06
Hubio,2.06
RapidFlow,2.05
ArcX,2.05
ZenoCloud,2.05
AlphaHealth,2.05
PulseDynamics,2.04
HyperRobotics,2.03
EchoCloud,2.02
QuantumSecurity,2.0
NexusSpace,1.99
ZenoPlatform,1.98
VeloAI,1.98
XenoSecurity,1.98
EdgeRobotics,1.98
Gridly,1.97
BetaLabs,1.97
AlphaCloud,1.96
NexusRobotics,1.95
DataCore,1.93
OnyxFlow,1.92
EdgeSpace,1.9
EchoEnergy,1.9
RapidTech,1.9
XenoAnalytics,1.87
NovaAnalytics,1.87
TideHub,1.87
ArcBio,1.86
SageAnalytics,1.86
Zenio,1.86
ZenBeam,1.86
DeltaSense,1.86
Sageio,1.85
SwiftPay,1.85
QuantumAI,1.84
AlphaMind,1.84
HyperAnalytics,1.83
Runely,1.83
ArcForge,1.82
ApexFlow,1.8
Runeverse,1.79
CyberBeam,1.79
Dataly,1.78
MetaEnergy,1.76
DataFlow,1.76
Betafy,1.76
Pixelverse,1.74
Novafy,1.74
VeloBase,1.74
Gridverse,1.73
TideLogic,1.73
WaveCloud,1.73
KiteLabs,1.73
Tideio,1.73
Cruxfy,1.72
NeoBase,1.72
HubPlatform,1.71
HubAI,1.7
Hyperly,1.69
Boltio,1.69
PulseMind,1.68
Astraverse,1.67
SageWorks,1.66
DawnBio,1.66
OrionWare,1.65
Hubfy,1.65
CoreEnergy,1.65
KitePlatform,1.65
AstraPlatform,1.64
KiteBeam,1.63
VertexMind,1.61
Gridio,1.61
CruxFlow,1.61
CruxBase,1.6
JetSystems,1.59
RunePlatform,1.57
Dawnio,1.57
BoltMind,1.56
VertexTech,1.56
NexusLink,1.55
FluxSecurity,1.53
EchoNet,1.53
ZenoSecurity,1.53
MetaFinance,1.52
TerraBio,1.52
HyperAI,1.51
NexusX,1.51
NexusAI,1.51
ForgeEnergy,1.51
WaveWare,1.51
QuantumFlow,1.51
WaveCore,1.49
NovaPay,1.49
AlphaAI,1.48
CoreHub,1.47
KiteEnergy,1.47
ArcAI,1.46
Cruxverse,1.46
EdgeBio,1.45
RuneX,1.44
DeltaStack,1.43
DawnFinance,1.42
TideX,1.41
EdgeHub,1.41
EdgeHealth,1.4
RapidRobotics,1.4
ForgeSystems,1.39
ArcBase,1.38
Orionfy,1.36
FluxBeam,1.36
DawnWorks,1.34
SageTech,1.33
DataBase,1.33
JetPlatform,1.33
PixelHealth,1.33
TideLabs,1.33
LumeSpace,1.32
OrionBeam,1.31
Dawnverse,1.31
Gridfy,1.31
VeloHub,1.3
GridCloud,1.3
AstraRobotics,1.29
CoreX,1.29
NexusHub,1.28
ApexForge,1.27
ForgeMind,1.26
ApexLogic,1.26
QuantumWare,1.26
OnyxSystems,1.26
JetLabs,1.23
TideBase,1.21
ProtoSpace,1.2
JetNet,1.19
HyperPay,1.19
HyperLink,1.17
ZenoCore,1.17
ProtoLink,1.16
Quarkly,1.16
CloudWare,1.15
KiteCloud,1.15
Neoly,1.14
ProtoBase,1.11
Waveio,1.11
MetaLabs,1.1
RuneAI,1.09
GridHub,1.09
Echoverse,1.08
BetaLogic,1.07
QuantumSense,1.07
ArcBeam,1.07
DawnX,1.05
Terrafy,1.02
Echofy,1.01
Astraio,1.01
Deltaverse,1.0
CyberFlow,0.98
LumeStack,0.98
QuarkSecurity,0.97
LumeSystems,0.95
BoltLogic,0.9
Quarkio,0.9
Betaly,0.9
TerraSecurity,0.89
QuantumBase,0.84
KiteBase,0.84
Cloudverse,0.82
SwiftFlow,0.81
DawnCore,0.8
NexusCore,0.79
QuarkAI,0.78
HyperLogic,0.78
BetaRobotics,0.77
FluxAnalytics,0.76
QuarkSpace,0.73
KiteDynamics,0.69
Onyxfy,0.67
BoltForge,0.6
UltraCloud,0.59
DataBeam,0.57
